NUTS2,2000,2001,2002,2003,2004,2005,2006,2007,2008,2009,2010,2011,2012,2013,2014,2015,2016,2017,2018,2019,2020,2021
BE10,959318,964405,978384,992041,999899,1006749,1018804,1031215,1048491,1068532,1089538,1136778,1151317,1165208,1172751,1184101,1201285,1199095,1205492,1215290,1223364,1226329
BE21,1643972,1645652,1652450,1661119,1668812,1676858,1688493,1700570,1715707,1731174,1744862,1773267,1787490,1798605,1806634,1817033,1828927,1838863,1849523,1860470,1873095,1879318
BE22,791178,794785,798583,802528,805786,809942,814658,820272,826690,833160,838505,846851,851558,855213,857844,861380,866970,869664,872739,875842,880602,883228
BE23,1361623,1363672,1366652,1370136,1373720,1380072,1389450,1398253,1408484,1420415,1432326,1448928,1457428,1463614,1471126,1479049,1489084,1498483,1506232,1516283,1526486,1533876
BE24,1014704,1018403,1022821,1027839,1031904,1037786,1044133,1052467,1060232,1068838,1076924,1088692,1096284,1102907,1108408,1114590,1122600,1130644,1138546,1146643,1156470,1163186
BE25,1128774,1130040,1132275,1133931,1135802,1138503,1141866,1145878,1150487,1155290,1159366,1168002,1172795,1175903,1177935,1180957,1184418,1188407,1192254,1196995,1202352,1205101
BE31,349884,352018,355207,358012,360717,363776,366481,370460,373492,375645,379515,383648,386683,389308,391609,394344,397745,399735,401508,404270,406794,408325
BE32,1279467,1279823,1281042,1281706,1283200,1286275,1290079,1294844,1300097,1304436,1309880,1319745,1325819,1331455,1334423,1337780,1341267,1342053,1343756,1346082,1350295,1349861
BE33,1019442,1020042,1024130,1025842,1029605,1034024,1040297,1047414,1053722,1060035,1067685,1082136,1088074,1093191,1095661,1098903,1103490,1106039,1108371,1110068,1113943,1113324
BE34,246820,248750,250406,252295,254120,256004,258547,261178,264084,266950,269023,273205,275713,277690,278219,280261,283257,284617,285010,286685,289606,291730
BE35,443903,445824,447775,450395,452856,455863,458574,461983,465380,468605,472281,479386,482728,484880,486230,488876,492074,494127,495158,496891,499433,500489
BG31,1081257,1067180,1015303,993778,973553,954395,934755,916308,898371,881573,865332,848230,836601,816877,801343,785188,768967,753059,736788,720754,704576,696328
BG32,1047670,1040117,982500,966969,952025,938073,923643,909962,897075,884857,873801,862120,853468,830251,814339,797965,781422,765086,748308,731277,714075,705241
BG33,1026019,1017848,1013873,1007579,1001647,996533,991217,986125,981143,976062,971932,966328,961965,938594,924847,910699,895980,881513,866648,851079,835432,832326
BG34,1209686,1203369,1157711,1147097,1137028,1128102,1119050,1110344,1102099,1094253,1087181,1078597,1072850,1056227,1043896,1031248,1017950,1004948,991373,977482,963654,959331
BG41,2142700,2143110,2107264,2113323,2118410,2122105,2124449,2126182,2127498,2129855,2132634,2133731,2131233,2113717,2103080,2092375,2080898,2069800,2058448,2046676,2034417,2024977
BG42,1683544,1677844,1592164,1576760,1562484,1549365,1536257,1523752,1511816,1500519,1490886,1480425,1471107,1446890,1429948,1412215,1393542,1375112,1355853,1336909,1317121,1313914
CZ01,1186855,1170476,1157876,1157443,1158738,1161334,1169892,1173933,1195521,1214300,1227932,1234037,1241664,1246780,1243201,1259079,1267449,1280508,1294513,1308632,1324277,1259413
CZ02,1111354,1121591,1123895,1128603,1135690,1143925,1157881,1174964,1201524,1230405,1247330,1264986,1279345,1291816,1302336,1315299,1326876,1338982,1352795,1369332,1385141,1372588
CZ03,1177982,1176097,1173715,1173537,1174257,1173457,1176931,1181719,1191156,1202477,1205834,1207027,1207847,1209298,1210176,1212423,1214450,1217411,1221012,1226805,1233982,1212780
CZ04,1131974,1124813,1122089,1121734,1121756,1122142,1121590,1120755,1130335,1134887,1133425,1132252,1131191,1128490,1125429,1123265,1120654,1118126,1116766,1115685,1115629,1086606
CZ05,1489407,1487400,1483483,1481433,1479468,1478378,1481215,1485575,1494631,1503865,1506467,1508735,1508867,1507980,1506503,1506813,1507209,1508527,1510726,1513693,1517999,1496140
CZ06,1658761,1647278,1643202,1640225,1641297,1642020,1643258,1646898,1657593,1666778,1671993,1675872,1678250,1679857,1680287,1682748,1684500,1687764,1692123,1696941,1701802,1685220
CZ07,1240355,1239089,1236388,1233376,1231188,1228319,1227045,1227080,1229618,1230437,1229931,1229117,1227668,1225302,1222655,1220972,1219394,1217623,1216234,1215413,1214570,1198649
CZ08,1281410,1265283,1260534,1256298,1252953,1249280,1245765,1243309,1243044,1242634,1239176,1234705,1230613,1226602,1221832,1217676,1213311,1209879,1205886,1203299,1200539,1183440
DK01,1515903,1532599,1549294,1565990,1582685,1599381,1616076,1636749,1645825,1662285,1680271,1699387,1714589,1732068,1749405,1768125,1789174,1807404,1822659,1835562,1846023,1855084
DK02,801928,803583,805239,806895,808550,810206,811862,816118,819427,821252,820564,819763,817907,816359,816726,820480,827499,832553,835024,836738,837359,838840
DK03,1173597,1176035,1178473,1180911,1183349,1185787,1188225,1189817,1194659,1199667,1200277,1200656,1201342,1201419,1202509,1205728,1211770,1217224,1220763,1223348,1223105,1223634
DK04,1177900,1185273,1192647,1200020,1207393,1214767,1222140,1227428,1237041,1247732,1253998,1260993,1266682,1272510,1277538,1282750,1293309,1304253,1313596,1320678,1326340,1332048
DK05,569406,570410,571413,572417,573421,574424,575428,576972,578839,580515,579628,579829,579996,580272,581057,582632,585499,587335,589148,589755,589936,590439
DE11,3917305,3935352,3964162,3985000,3994612,4003172,4007373,4005380,4007095,4006313,4000848,3910637,3924922,3947568,3972881,4008288,4069533,4098278,4126688,4143418,4154223,4151094
DE12,2676257,2684425,2701376,2716682,2722550,2727733,2732455,2734260,2739274,2740164,2740503,2663588,2671524,2686573,2702831,2721266,2761977,2779314,2795783,2805129,2810854,2807601
DE13,2125364,2137625,2156851,2170481,2178813,2185027,2190727,2193178,2196410,2195681,2196018,2142723,2150906,2162340,2174500,2191622,2224535,2239734,2254674,2264469,2271351,2276924
DE14,1757006,1767013,1778517,1789157,1796581,1801487,1805146,1805935,1806976,1807348,1807552,1761557,1765089,1772630,1781066,1795468,1823573,1834567,1846280,1856517,1863966,1867424
DE21,4033643,4083077,4138402,4169657,4195673,4211118,4238195,4279112,4313446,4335137,4346465,4313946,4363176,4415649,4469342,4519979,4588944,4633323,4649534,4686163,4710865,4719716
DE22,1170170,1176206,1185467,1191476,1194472,1196178,1196923,1193820,1194138,1191910,1189194,1172475,1175923,1181472,1189153,1197558,1212119,1219397,1230037,1238528,1244169,1247063
DE23,1074338,1079217,1085609,1088929,1089826,1090289,1089543,1087939,1086684,1083780,1081417,1071424,1072091,1074738,1077991,1082761,1092339,1098378,1104407,1109269,1112102,1112267
DE24,1114155,1113251,1113788,1112655,1109674,1106541,1101390,1094525,1088845,1082516,1076400,1065322,1061573,1058711,1056365,1055955,1059358,1062394,1066840,1067482,1065371,1062085
DE25,1683282,1689066,1698343,1703869,1706615,1708972,1712275,1712622,1714123,1712405,1710145,1679849,1688414,1698515,1707376,1715195,1738686,1750059,1759643,1770401,1775169,1775704
DE26,1333803,1335991,1340912,1344300,1344740,1344629,1341481,1337876,1334767,1327497,1321957,1302144,1299076,1297727,1297992,1298849,1306048,1309209,1313375,1317124,1317619,1317507
DE27,1745576,1753447,1767193,1776465,1782386,1786166,1788919,1786764,1788329,1786483,1784753,1778244,1783119,1792759,1806025,1821271,1846020,1857991,1873368,1887754,1899442,1905841
DE30,3386667,3382169,3388434,3392425,3388477,3387828,3395189,3404037,3416255,3431675,3442675,3278346,3326002,3375222,3421829,3469849,3520031,3574830,3613495,3644826,3669491,3664088
DE40,2601207,2601962,2593040,2582379,2574521,2567704,2559483,2547772,2535737,2522493,2511525,2461242,2453180,2449511,2449193,2457872,2484826,2494648,2504040,2511917,2521893,2531071
DE50,663065,660225,659651,662098,663129,663213,663467,663979,663082,661866,661716,651467,652182,654774,657391,661888,671489,678753,681032,682986,681202,680130
DE60,1704735,1715392,1726363,1728806,1734083,1734830,1743627,1754182,1770629,1772100,1774224,1705700,1718187,1734272,1746342,1762791,1787408,1810438,1830584,1841179,1847253,1852478
DE71,3719354,3737589,3746852,3761749,3762995,3775025,3778124,3772906,3780232,3784767,3792941,3734199,3763611,3791381,3822479,3863818,3922369,3951234,3978050,3998724,4019961,4026618
DE72,1063503,1063538,1065028,1065909,1065467,1064228,1061323,1057553,1053259,1048683,1044269,1027159,1025525,1023277,1023150,1029020,1040091,1043643,1045807,1047262,1048646,1048740
DE73,1269109,1267002,1265946,1263960,1260966,1258512,1252907,1244900,1239064,1231503,1224741,1208050,1204635,1201823,1199796,1201050,1213712,1218211,1219405,1219823,1219473,1217796
DE80,1789322,1775703,1759877,1744624,1732226,1719653,1707266,1693754,1679682,1664356,1651216,1614789,1606899,1600327,1596505,1599138,1612362,1610674,1611119,1609675,1608138,1610774
DE91,1669634,1668603,1666864,1665368,1662595,1658918,1650435,1641776,1633318,1623649,1616720,1579623,1575968,1574527,1574936,1579754,1598164,1595609,1595734,1596396,1594929,1590577
DE92,2152759,2158307,2163904,2167876,2167157,2166626,2163919,2160253,2156841,2149181,2142440,2093945,2093431,2094931,2099079,2108413,2132290,2139976,2144120,2149805,2148238,2147704
DE93,1660653,1672467,1683438,1692192,1698434,1702971,1704133,1702938,1701132,1696643,1693654,1669999,1667127,1667332,1670199,1677715,1699969,1703945,1706464,1710914,1716448,1722474
DE94,2415714,2426816,2442210,2455036,2465229,2472394,2475459,2477718,2480393,2477771,2476001,2435261,2437727,2442205,2446345,2460857,2496176,2506155,2516457,2525333,2533993,2542666
DEA1,5264468,5254317,5255328,5249280,5245132,5237855,5226648,5217129,5208288,5191042,5172839,5081231,5077103,5081061,5088748,5108290,5173623,5190790,5198820,5202321,5207457,5200090
DEA2,4263675,4281548,4309953,4331419,4350368,4363797,4378622,4384669,4391062,4386271,4383044,4282911,4299064,4315912,4333015,4361724,4422371,4439416,4454228,4468904,4478847,4475530
DEA3,2608779,2612301,2620240,2625637,2625745,2624489,2622623,2619372,2614361,2605365,2597636,2568358,2572221,2572390,2574148,2580664,2614229,2619376,2621153,2623619,2624625,2624719
DEA4,2048620,2055795,2063244,2069290,2071803,2072488,2069758,2065413,2059198,2050638,2043212,2031337,2027126,2025415,2024392,2029648,2057996,2054205,2054343,2055310,2055724,2054178
DEA5,3814258,3805904,3803327,3800729,3786638,3776723,3760454,3742162,3723712,3699748,3676032,3581355,3569424,3559551,3551553,3557772,3597297,3586313,3583590,3582497,3580568,3571053
DEB1,1516237,1519561,1524695,1527611,1527919,1527507,1521494,1513939,1507919,1499457,1490711,1486160,1480166,1476237,1474378,1477202,1488308,1492187,1493055,1495885,1498223,1500830
DEB2,511548,511754,512990,513702,513755,513861,513363,515819,515972,515322,513794,518554,518370,518289,519136,521863,532715,528728,529597,531007,533113,534438
DEB3,2002988,2003242,2011381,2016414,2017008,2019737,2023986,2023102,2021752,2013572,2008170,1989471,1991497,1995752,2000852,2012517,2031780,2045138,2051027,2057952,2062567,2063123
DEC0,1071501,1068703,1066470,1064988,1061376,1056417,1050293,1043167,1036598,1030324,1022585,1001879,997855,994287,990718,989035,995597,996651,994187,990509,986887,983991
DED2,1724703,1712562,1695745,1683138,1674343,1667676,1662482,1657114,1646716,1638111,1631486,1594568,1591710,1591320,1590927,1592765,1602754,1600155,1598573,1598199,1596566,1589888
DED4,1590968,1582728,1574488,1566249,1558009,1549769,1541530,1533290,1525050,1516811,1508571,1505254,1491442,1480210,1468954,1463341,1465612,1454144,1444953,1436445,1426380,1413730
DED5,855941,865679,875417,885155,894892,904630,914368,924106,933844,943581,953319,966434,971030,978674,986504,999168,1016485,1027484,1037782,1043293,1049025,1053323
DEE0,2648737,2615375,2580626,2548911,2522941,2494437,2469716,2441787,2412472,2381872,2356219,2297386,2276736,2259393,2244577,2235548,2245470,2236252,2223081,2208321,2194782,2180684
DEF0,2777275,2789761,2804249,2816507,2823171,2828760,2832950,2834254,2837373,2834260,2832027,2800134,2802266,2806531,2815955,2830864,2858714,2881926,2889821,2896712,2903773,2910875
DEG0,2449082,2431255,2411387,2392040,2373157,2355280,2334575,2311140,2289219,2267763,2249882,2195344,2181603,2170460,2160840,2156759,2170714,2158128,2151205,2143145,2133378,2120237
EE00,1401250,1392720,1383510,1375190,1366250,1358850,1350700,1342920,1338440,1335740,1333290,1329660,1325217,1320174,1315819,1314870,1315944,1315635,1319133,1324820,1328976,1330068
IE04,736554,743628,750701,757775,764848,771922,778995,786069,793143,800216,807290,814363,832082,834236,833748,833830,839204,851642,860162,872406,883740,891624
IE05,1355189,1370015,1384840,1399665,1414491,1429316,1444141,1458967,1473792,1488618,1503443,1518268,1547097,1556247,1563179,1567206,1575504,1596373,1614582,1640305,1661545,1676038
IE06,1776040,1810127,1844214,1878302,1912389,1946476,1980563,2014650,2048737,2082824,2116911,2150998,2210108,2219296,2240925,2276591,2311578,2351142,2380989,2427600,2467315,2499231
EL30,3871527,3895899,3894259,3916875,3935254,3952793,3971441,3982602,3990727,3999457,4002871,3992912,3963887,3912849,3863763,3822843,3781274,3773559,3756453,3742235,3738901,3736737
EL41,196904,196774,199375,199375,199160,199177,199187,198191,198675,199517,200179,200831,200591,199478,198581,197695,196654,203700,211137,221098,229516,229155
EL42,305954,311212,315878,317315,318813,321798,324712,327471,329525,331815,332652,333983,334780,334652,334802,334865,334791,338383,340870,344027,347512,347848
EL43,575599,579672,589844,593143,596426,600490,604682,608988,613144,618317,623113,627144,629367,630085,630889,631513,631812,632674,633506,634930,636504,636766
EL51,582750,584283,589489,592085,594512,597258,600034,602965,605411,608639,610112,611573,612074,610102,608214,606490,604504,602799,601175,599723,598613,594905
EL52,1828425,1846753,1852039,1862475,1871566,1880517,1890244,1899242,1905904,1913980,1921906,1925437,1922590,1912624,1903360,1893878,1883339,1880122,1875996,1873777,1872102,1858755
EL53,287156,286007,287813,288125,287800,287631,287215,286855,286696,286672,286450,285899,284061,281324,278706,276423,273843,271488,269222,267008,264670,262052
EL54,337513,339789,342332,342169,342123,342454,342916,343786,344410,345167,345960,346503,345437,343128,341046,339142,336834,335250,334337,333696,333265,330985
EL61,739421,739503,745339,743648,742574,741599,741765,743210,743919,745569,746976,747690,745839,741593,737686,733663,729442,725874,722065,718640,715115,709808
EL62,203658,205299,208075,207415,206877,206688,206703,207149,207508,208161,208675,209221,209131,208241,207664,207059,206141,205431,204562,203869,203149,202371
EL63,707200,706491,706346,703115,700215,697975,696051,694901,693549,692990,692269,690904,687935,682583,677727,673263,668258,663970,659470,655189,651065,646670
EL64,553882,556263,562848,559105,556835,555282,554659,555149,555577,557291,559655,561693,561670,560093,559214,557753,555830,555761,555623,555960,556002,553235
EL65,585638,588044,594637,590925,588214,586250,585107,585499,585892,587170,588471,589602,589044,586863,585155,583431,581026,579182,576749,574447,572151,569345
ES11,2702471,2698025,2696809,2705159,2711586,2720689,2730107,2741074,2754766,2767469,2772466,2773411,2771916,2760720,2745817,2732801,2719095,2708955,2703048,2700210,2702605,2698177
ES12,1068287,1064851,1062786,1062326,1062412,1062753,1063488,1065287,1071079,1076276,1077102,1075869,1074308,1067425,1058560,1049328,1040407,1033550,1027091,1021469,1018053,1012117
ES13,533417,534231,536286,541651,548014,554688,561042,568196,577267,584657,588512,590867,592383,589789,587491,585184,582494,581421,581533,581989,583011,584708
ES21,2084535,2082971,2082896,2092644,2103103,2115260,2127689,2142602,2159415,2174077,2179521,2183136,2184696,2179274,2172247,2172707,2174426,2179944,2187254,2197306,2211917,2212628
ES22,548379,552060,557456,567892,576346,584365,592137,602835,616710,627286,633023,637100,640014,639089,637099,637317,638922,642075,646340,652797,659907,662032
ES23,273828,275313,277989,284607,291082,298045,302703,308117,316197,319788,319934,320858,320951,318819,315736,314457,314025,314136,314890,315967,318703,319444
ES24,1200200,1202015,1209897,1225572,1237774,1255077,1273563,1294243,1325426,1342788,1344181,1344385,1343807,1337675,1330713,1325600,1318042,1315411,1313493,1320694,1330592,1331938
ES30,5329606,5379087,5478611,5638804,5766554,5866219,5953546,6075013,6226185,6327559,6373546,6394252,6425522,6411525,6372553,6375737,6411466,6459297,6529923,6618078,6720310,6726640
ES41,2472869,2463479,2454754,2463616,2471132,2482797,2494698,2514206,2541720,2549172,2547401,2545301,2537685,2516927,2493604,2475697,2452721,2433535,2417013,2405568,2398976,2385223
ES42,1742456,1752002,1763477,1797150,1833543,1874017,1917445,1971208,2031840,2066428,2084468,2099064,2105935,2093474,2074760,2062615,2049336,2041422,2034409,2036777,2047969,2052505
ES43,1060030,1059011,1057790,1060351,1064374,1070096,1074937,1081872,1089655,1094693,1099610,1102299,1104336,1101024,1096708,1092217,1086153,1079108,1072721,1067925,1064970,1061636
ES51,6283101,6314849,6380492,6556900,6712748,6870811,7010859,7151682,7311146,7427092,7463488,7493263,7514991,7488664,7432833,7420890,7440692,7480778,7539364,7624625,7720323,7749896
ES52,4103816,4135183,4192277,4322066,4441941,4567163,4681033,4801628,4928095,4981284,4989631,4999192,5009650,4988365,4960213,4945092,4939888,4943821,4958584,4989308,5046482,5067911
ES53,817313,830428,845128,883409,912965,940121,970294,1005181,1042857,1070167,1083679,1091664,1100715,1105131,1106617,1111002,1117353,1128492,1141233,1157928,1176816,1183415
ES61,7285992,7323031,7391401,7490871,7596534,7730696,7865788,7986600,8118570,8212968,8276008,8332080,8377810,8387986,8381239,8388994,8392046,8394017,8396464,8412222,8461039,8484804
ES62,1169114,1184118,1206614,1242626,1276816,1313496,1351106,1385717,1419563,1441787,1453543,1459075,1461925,1462271,1462734,1465195,1468367,1475275,1478718,1491312,1509077,1518279
ES63,70855,71183,70868,71109,71538,71977,72807,74161,75250,76927,79294,81621,83845,84487,84562,84561,84558,85005,85327,85087,84502,84071
ES64,64851,65725,65897,65387,64747,64910,67111,68967,71244,73365,76049,78866,81792,83669,84103,85009,85457,85918,86084,86373,86558,86450
ES70,1659062,1677983,1703850,1755698,1804242,1853158,1899618,1946077,1991954,2025490,2045163,2064871,2085938,2096336,2098155,2101319,2103436,2115233,2131581,2153316,2176240,2178924
FR10,11019991,11102824,11185563,11270074,11350290,11442143,11532398,11598866,11659260,11728240,11786234,11852851,11898502,11959807,12027565,12082144,12117132,12174880,12213447,12262544,12271794,12317279
FRB0,2450121,2461778,2472978,2484288,2494279,2507246,2519567,2526919,2531588,2538590,2548065,2556835,2563586,2570548,2577435,2578592,2577866,2576252,2572853,2573180,2574863,2573303
FRC1,1612818,1615651,1618437,1620757,1622456,1626190,1628837,1633891,1638588,1642440,1642115,1642734,1641130,1642687,1642551,1641205,1637941,1632887,1628737,1625776,1622967,1620593
FRC2,1121512,1126695,1131455,1135982,1140478,1145744,1150624,1158671,1163931,1168208,1171763,1173440,1175684,1177096,1178072,1179735,1180397,1178536,1179070,1179804,1178728,1179601
FRD1,1426928,1432400,1437801,1442916,1447429,1452425,1456793,1461429,1467425,1470880,1473494,1475684,1477209,1478712,1479378,1479484,1477349,1474257,1471632,1469892,1471115,1473114
FRD2,1784575,1789406,1794099,1797924,1801791,1806677,1811055,1816716,1825667,1832942,1836954,1839393,1845547,1849652,1856267,1859647,1858580,1856221,1855845,1855140,1854407,1854852
FRE1,3997864,4001142,4005577,4008628,4010548,4015613,4018644,4021676,4024490,4033197,4038157,4042015,4050756,4060741,4076061,4077886,4074448,4072379,4072977,4073624,4069913,4072734
FRE2,1862938,1868759,1874316,1879079,1883409,1889028,1894355,1900354,1906601,1911157,1914844,1918155,1922342,1927142,1930095,1932090,1932422,1931436,1931131,1931323,1927821,1922558
FRF1,1743955,1756078,1768054,1779575,1791145,1803402,1815493,1827248,1837087,1843053,1845687,1852325,1859869,1868183,1872949,1879265,1884150,1889589,1898533,1907143,1915915,1919745
FRF2,1342007,1341878,1341635,1340851,1339597,1339400,1338850,1339487,1338004,1337953,1335923,1336053,1339270,1339008,1339299,1338255,1333248,1328134,1323396,1320191,1319593,1316522
FRF3,2314909,2318791,2323026,2326019,2328136,2332468,2335749,2339881,2346361,2350112,2350920,2350657,2349816,2345197,2342397,2341531,2337788,2331863,2328460,2328885,2327143,2325020
FRG0,3248994,3281679,3314649,3347675,3379784,3415391,3450413,3482594,3510170,3539048,3571495,3601113,3632614,3660852,3690833,3718512,3737632,3757600,3781423,3806461,3832120,3853999
FRH0,2927612,2954324,2981765,3009249,3037077,3066585,3094534,3120288,3149701,3175064,3199066,3217767,3237097,3258707,3276543,3293850,3306529,3318904,3335414,3354854,3373835,3394567
FRI1,2933223,2962914,2993132,3023922,3054587,3088196,3119778,3150890,3177625,3206137,3232352,3254233,3285970,3316889,3343326,3370578,3393297,3414585,3437398,3464554,3485404,3515932
FRI2,713249,715796,718716,721351,723906,727487,730920,737001,740743,741785,742771,741072,738633,737509,738120,738031,736015,734528,731285,729049,727308,727177
FRI3,1650378,1662133,1674460,1686472,1698020,1711307,1724123,1739780,1752708,1760575,1770363,1777773,1783991,1789779,1797698,1802873,1806291,1807865,1811095,1816686,1821240,1826243
FRJ1,2322072,2353629,2388723,2424518,2459969,2497718,2534144,2560870,2581718,2610890,2636350,2670046,2700266,2729721,2751592,2772683,2793303,2810383,2830361,2854713,2875045,2898280
FRJ2,2578254,2609222,2641980,2674559,2707583,2743073,2776822,2810247,2838228,2862707,2881756,2903420,2926592,2954157,2979161,3001502,3015132,3034719,3055135,3078472,3098924,3123896
FRK1,1312227,1315944,1319800,1323406,1327104,1331779,1335938,1339247,1341863,1343964,1347387,1350682,1354104,1357668,1360461,1362367,1363392,1364156,1368536,1370389,1369348,1368667
FRK2,5688524,5741877,5796144,5850513,5904729,5963736,6021346,6065959,6117229,6174040,6230691,6283541,6341160,6399927,6460505,6515331,6553497,6584131,6625923,6672547,6709304,6745694
FRL0,4541508,4584379,4629496,4675056,4719132,4768564,4815232,4864015,4882913,4889053,4899155,4916069,4935576,4953675,4983438,5007977,5021928,5030890,5052832,5081101,5098666,5127840
FRM0,264539,269273,274093,279027,283972,289092,294118,299209,302966,305674,309693,314486,316257,320208,324212,327283,330455,334938,338554,340440,343701,347597
FRY1,479446,476287,473128,469969,466810,463652,460493,457334,454175,451016,447857,444698,441539,437713,435293,433674,429856,425587,421694,416728,415360,415792
FRY2,383575,386542,389302,391676,393852,395982,397732,397730,397693,396404,394173,392291,388364,385551,383911,380877,376480,372594,368783,364508,361225,360749
FRY3,162018,168614,176638,184792,193167,199206,205954,213031,219266,224469,229040,237549,239648,244118,252338,259865,269352,268700,276128,281678,285133,286618
FRY4,716314,729010,740207,750840,761630,772907,781962,794107,808250,816364,821136,828581,833944,835103,842767,850727,852924,853659,855961,861210,863083,871157
FRY5,102741,111378,120015,128652,137289,145926,154563,163200,171837,180474,189111,197748,206385,215022,223713,232189,240987,250143,259621,269579,279696,289039
HR02,1421891,1405298,1388705,1372112,1355519,1338926,1322333,1305740,1289147,1272554,1255961,1239368,1222775,1205694,1190565,1172508,1149380,1123545,1090451,1066800,1046438,1030173
HR03,1354490,1363190,1371890,1378357,1384187,1392937,1399795,1406970,1412009,1415015,1415971,1413426,1410551,1401384,1392690,1382089,1367338,1353140,1337048,1325462,1317600,1304875
HR05,805695,804487,803279,802071,800863,799655,798447,797239,796031,794823,793615,792407,791199,790038,788688,787622,784673,782586,778359,776237,774420,768895
HR06,928961,922966,916970,910975,904979,898984,892988,886993,880997,875002,869006,863011,857015,850687,845689,838696,829724,819498,808483,800177,795053,789083
ITC1,4225083,4219421,4212726,4222134,4260654,4284486,4296203,4306018,4358273,4389110,4401572,4410887,4416745,4425816,4420924,4403562,4384226,4370348,4349911,4328565,4311217,4274945
ITC2,118861,119273,119347,120383,121692,122799,123839,124636,125658,126515,126957,127153,127305,127951,128245,127972,127030,126677,126213,125653,125034,124089
ITC3,1587787,1578998,1570152,1568193,1572910,1580613,1580900,1580814,1583449,1589802,1591537,1592593,1590096,1587322,1580322,1569427,1557742,1551379,1541541,1532980,1524826,1518495
ITC4,8971148,9004084,9033909,9082295,9173501,9299835,9370827,9431541,9517477,9603804,9670614,9746113,9811011,9877541,9929769,9954769,9958447,9970419,9986962,10010833,10027602,9981554
ITF1,1261117,1261300,1262187,1267633,1278658,1287157,1292999,1296869,1311307,1321887,1326015,1329220,1331624,1332583,1329918,1325836,1319294,1313930,1306059,1300645,1293941,1281012
ITF2,322772,321468,320190,320381,320359,319728,318452,317337,317657,317082,315939,314816,313916,313408,312897,311398,310026,308400,306564,303790,300516,294294
ITF3,5717694,5708137,5699962,5704903,5731441,5759450,5763419,5766263,5785045,5792087,5807464,5822827,5827593,5820430,5812768,5804370,5790783,5776654,5762889,5740291,5712143,5624260
ITF4,4034887,4026054,4020694,4025113,4034841,4048188,4053780,4057440,4071244,4080149,4090111,4101558,4102797,4090530,4077788,4063269,4043735,4024067,4000966,3975528,3953305,3933777
ITF5,601399,599404,597103,595269,594505,593185,590111,586531,586093,584910,582618,580790,579360,577550,575814,573236,569887,566405,562968,558587,553254,545130
ITF6,2028592,2018722,2008185,1999767,2000597,1992027,1981950,1971937,1979067,1976547,1973624,1972049,1968536,1962430,1958226,1951733,1943085,1935097,1924257,1912021,1894110,1860601
ITG1,4994427,4978068,4967306,4965390,4977097,4985221,4991319,4995840,5015966,5031436,5044045,5059482,5061946,5053540,5041754,5028266,5004400,4977900,4942188,4908548,4875290,4833705
ITG2,1638573,1634795,1630004,1632083,1634673,1637508,1640194,1643052,1649058,1653129,1653711,1655833,1655079,1654583,1652528,1648642,1642492,1636839,1631040,1622257,1611621,1590044
ITH1,458553,461101,462884,466605,470363,475176,480403,485196,491338,496079,500450,504406,507989,511619,515389,517994,520252,523454,526772,530313,532644,534912
ITH2,470505,474310,476750,481750,488099,494740,499712,504098,510511,516859,521531,525833,529246,533435,536813,538188,539513,540280,541966,543721,545425,542166
ITH3,4485059,4508580,4527599,4562491,4622493,4674934,4709768,4739367,4796062,4844339,4863372,4879606,4887328,4901415,4905712,4902694,4890648,4883373,4880936,4884590,4879133,4869830
ITH4,1178264,1181238,1184713,1190100,1196333,1201350,1203848,1208130,1217059,1224653,1225910,1225361,1223642,1224987,1224984,1221664,1216208,1212809,1211155,1210414,1206216,1201510
ITH5,4014822,3983566,4003078,4034435,4080856,4129525,4162981,4194959,4246741,4305949,4340491,4371595,4391314,4415458,4432241,4434377,4435480,4439768,4445920,4459453,4464119,4438937
ITI1,3491580,3494857,3499109,3513273,3543673,3574966,3593492,3610980,3650182,3683362,3706592,3726263,3733535,3743537,3744293,3739044,3726422,3721391,3712048,3701343,3692555,3692865
ITI2,820844,824187,826176,830936,841789,849774,855555,858807,870298,879640,884937,889450,890407,892742,892099,888288,884092,880992,876477,873744,870165,865452
ITI3,1480590,1446785,1453413,1464080,1481118,1493103,1501891,1507981,1525274,1541254,1546800,1549616,1550010,1551668,1549478,1545869,1538442,1532460,1526331,1520321,1512672,1498236
ITI4,5119323,5116344,5117783,5139164,5186338,5240603,5277353,5322929,5394010,5461999,5516026,5563046,5605706,5678764,5723955,5744899,5761508,5774092,5774606,5773076,5755700,5730399
CY00,690497,697549,705539,713720,722893,733067,744013,757916,776333,796930,819140,839751,862011,865878,858000,847008,848319,854802,864236,875899,888005,896007
LV00,2381715,2353384,2320956,2299390,2276520,2249724,2227874,2208840,2191810,2162834,2120504,2074605,2044813,2023825,2001468,1986096,1968957,1950116,1934379,1919968,1907675,1893223
LT01,848609,850668,845292,843320,841748,838556,831237,828191,826306,826445,824193,811515,805915,803673,800631,799539,796455,795088,795134,798101,804348,810797
LT02,2668572,2636330,2609345,2588177,2557181,2516664,2458598,2421792,2386299,2357411,2317783,2241073,2197726,2170964,2147231,2127105,2099118,2063989,2031066,2014099,2005629,1999964
LU00,433600,439000,444050,448300,454960,461230,469086,476187,483799,493500,502066,511840,524853,537039,549680,562958,576249,590667,602005,613894,626108,634730
HU11,1721314,1759209,1739569,1719342,1705309,1697343,1698106,1696128,1702297,1712210,1721556,1733685,1727495,1730350,1733837,1741601,1738570,1728929,1723033,1722363,1717144,1690503
HU12,1093018,1071898,1089478,1105412,1124395,1143629,1157564,1176550,1195020,1213290,1229880,1237561,1213323,1216562,1217628,1221637,1228755,1240780,1254436,1270416,1287734,1300389
HU21,1119047,1120730,1120610,1113671,1112984,1110897,1108124,1107453,1104841,1103132,1098654,1094104,1079589,1075035,1069800,1064521,1062306,1057816,1057449,1060306,1062982,1061979
HU22,1004598,1003854,1002959,1004328,1003185,1000348,1000142,999361,997939,998187,996390,994698,984399,982654,979146,975754,973166,970910,971397,973587,977086,979459
HU23,999690,997671,993466,989408,983612,977465,970700,967677,960088,952982,947986,940585,931215,924892,916856,908400,900042,893263,885800,878402,873097,869726
HU31,1304597,1302835,1296504,1288960,1280040,1271111,1261489,1251441,1236690,1223238,1209142,1194697,1200831,1189094,1176263,1163818,1152668,1142892,1133848,1125185,1117255,1111193
HU32,1564136,1563714,1559073,1554177,1547003,1541818,1533162,1525317,1514020,1502409,1492502,1481922,1498795,1489460,1480007,1473223,1466389,1459130,1450191,1439991,1430692,1423489
HU33,1383497,1380387,1373194,1367064,1360214,1354938,1347294,1342231,1334506,1325527,1318214,1308470,1296278,1287203,1276680,1266904,1257756,1246137,1237501,1230022,1223386,1214723
NL11,562646,566489,570480,572997,574384,575072,574042,573614,573459,574092,576668,579036,580875,581705,582728,583942,583721,583581,582944,583990,585866,586937
NL12,624500,630539,636184,639787,642066,642977,642230,642209,643189,644811,646305,647282,647214,646862,646317,646257,646040,646874,647268,647672,649957,651435
NL13,469806,474506,478799,481254,482415,483369,484481,486197,488135,489918,490981,491411,490807,489918,488988,488576,488629,491792,492100,492167,493682,494771
NL21,1077625,1086280,1094032,1100677,1105512,1109432,1113529,1116374,1119994,1125435,1130345,1134465,1137668,1139350,1139697,1140652,1144280,1147687,1151501,1156431,1162406,1166533
NL22,1919158,1934314,1949233,1960422,1966929,1972010,1975704,1979059,1983869,1991062,1998936,2004671,2010745,2015791,2019692,2026578,2035351,2047901,2060103,2071972,2085952,2096603
NL23,317206,328936,341721,351680,359904,365859,370656,374424,378688,383449,387881,391967,395525,398441,399893,401791,404068,407818,411670,416546,423021,428226
NL31,1107849,1117997,1139925,1152218,1162258,1171291,1180039,1190604,1201350,1210869,1220910,1228794,1237117,1245294,1253672,1263572,1273613,1284504,1295484,1306912,1319231,1361153
NL32,2518354,2534599,2559477,2573120,2587265,2599103,2606584,2613070,2626163,2646445,2669084,2691477,2709822,2724300,2741369,2761929,2784854,2809483,2831182,2853359,2879527,2888486
NL33,3397744,3420700,3423780,3439982,3451942,3458381,3458875,3455097,3461435,3481558,3505611,3528324,3552407,3563935,3577032,3600011,3622303,3650222,3681044,3709139,3744299,3726050
NL34,371866,374920,377235,378348,379028,379978,380186,380497,380585,380984,381409,381530,381407,381077,380621,380726,381252,381568,382304,383032,383488,385400
NL41,2356004,2375116,2391123,2400198,2406994,2411359,2415946,2419042,2424827,2434560,2444158,2454215,2463686,2471011,2479274,2488751,2498749,2512531,2528286,2544806,2562955,2573949
NL42,1141192,1142679,1143296,1141889,1139335,1136695,1131938,1127805,1123705,1122604,1122701,1122627,1123075,1121891,1120006,1117941,1116260,1117546,1117198,1116137,1117201,1115872
AT11,276226,275956,276673,276542,276793,278033,279128,280062,280977,282777,283697,284581,285782,286691,287416,288356,291011,291942,292675,293433,294436,296010
AT12,1535083,1539416,1544667,1549269,1557291,1568949,1580501,1588567,1595503,1602958,1605897,1609474,1614455,1618592,1625485,1636778,1653691,1665753,1670668,1677542,1684287,1690879
AT13,1548537,1553956,1571123,1592846,1610409,1632568,1652448,1661246,1671221,1680135,1689995,1702855,1717084,1741246,1766746,1797337,1840226,1867582,1888776,1897491,1911191,1920949
AT21,560696,559571,559933,558623,558026,558926,559277,559393,559715,559462,557998,556718,556027,555473,555881,557641,560482,561077,560898,560939,561293,562089
AT22,1182930,1182441,1188117,1189315,1192168,1196780,1200854,1202483,1203701,1204795,1205045,1206611,1208696,1210971,1215246,1221570,1232012,1237298,1240214,1243052,1246395,1247077
AT31,1370035,1373134,1377803,1382532,1387488,1394726,1400287,1403663,1405762,1408619,1409253,1410222,1413866,1418498,1425422,1437251,1453948,1465045,1473576,1482095,1490279,1495608
AT32,512854,514851,517050,517084,519691,522369,524920,526048,525944,526699,526730,527886,529704,531898,534270,538575,545815,549263,552579,555221,558410,560710
AT33,667459,671492,675700,679457,683639,688954,694253,697253,699588,702502,704662,707517,711581,715888,722038,728826,739139,746153,751140,754705,757634,760105
AT34,348366,350129,352574,354605,357068,360054,362630,364269,365578,367056,368366,369300,370926,372603,375282,378592,384147,388752,391741,394297,397139,399237
PL21,3211151,3222426,3229617,3237217,3252949,3260201,3266187,3271206,3279036,3287136,3280603,3293551,3303061,3310450,3316097,3324579,3330031,3339803,3349498,3360545,3371956,3324543
PL22,4783570,4765657,4748467,4731533,4714982,4700771,4685775,4669137,4654115,4645665,4590630,4585758,4576485,4566039,4548177,4535705,4520567,4510528,4500863,4488998,4475460,4310201
PL41,3339749,3345316,3350437,3355279,3359932,3365283,3372417,3378502,3386882,3397617,3410721,3422705,3430702,3437751,3441440,3447689,3450966,3457473,3465605,3473172,3479525,3455384
PL42,1696925,1697935,1698402,1697718,1696073,1694865,1694178,1692838,1692271,1692957,1696985,1697166,1695822,1694560,1691400,1688486,1684025,1681246,1678873,1675502,1671605,1610051
PL43,1007967,1008472,1008983,1008196,1008786,1009168,1009198,1008520,1008481,1008962,1009605,1010700,1010421,1010582,1008564,1007442,1005159,1004892,1004127,1003310,1001411,965875
PL51,2917139,2912195,2909622,2904694,2898313,2893055,2888232,2882317,2878410,2877059,2876509,2878103,2876855,2875180,2869579,2868338,2864624,2866218,2865358,2865072,2864809,2833557
PL52,1074205,1070598,1066438,1061009,1055667,1051531,1047407,1041941,1037088,1033040,975283,972986,969541,966167,960226,956913,952557,950710,948808,946038,942233,910302
PL61,2068864,2067817,2069747,2069166,2068142,2068258,2068253,2066371,2066136,2067918,2074489,2075129,2074398,2072655,2068417,2065846,2062006,2060575,2059748,2055433,2050976,1969116
PL62,1424772,1427508,1428469,1428449,1428885,1428714,1428601,1426883,1426155,1427073,1428496,1428620,1427162,1425897,1421264,1418541,1414734,1410641,1408415,1404441,1399038,1322861
PL63,2166230,2172284,2178337,2183636,2188918,2194041,2199043,2203595,2210920,2219512,2234955,2245568,2253048,2259485,2264817,2271559,2277059,2285800,2294926,2305077,2316135,2295666
PL71,2699220,2685542,2671865,2658188,2644510,2630833,2617155,2603478,2589801,2576123,2562446,2548768,2535091,2521414,2498861,2489844,2479350,2471620,2462448,2453167,2442685,2380949
PL72,1411557,1400982,1390406,1379831,1369255,1358680,1348105,1337529,1326954,1316378,1305803,1295228,1284652,1274077,1253041,1247951,1241895,1237518,1232016,1226243,1218743,1154493
PL81,2373399,2357521,2341643,2325765,2309886,2294008,2278130,2262252,2246374,2230495,2214617,2198739,2182861,2166983,2134413,2126310,2118528,2112787,2105442,2097294,2088292,1981180
PL82,2221422,2212854,2204285,2195717,2187148,2178580,2170011,2161443,2152874,2144305,2135737,2127168,2118600,2110031,2083546,2084264,2083496,2084722,2085877,2086135,2084447,1979297
PL84,1267003,1260300,1253596,1246893,1240189,1233486,1226783,1220079,1213376,1206672,1199969,1193266,1186562,1179859,1165447,1162369,1158945,1156947,1154856,1152074,1149389,1097521
PL91,2411565,2447210,2482855,2518500,2554145,2589791,2625436,2661081,2696726,2732371,2768017,2803662,2839307,2874952,2937140,2960058,2979942,3002278,3025034,3053104,3082399,3242890
PL92,2538082,2525965,2513847,2501729,2489612,2477494,2465376,2453259,2441141,2429023,2416906,2404788,2392670,2380553,2355427,2349720,2343325,2339206,2334793,2327207,2319035,2239471
PT11,3652110,3679741,3696333,3708294,3713740,3716870,3718061,3719898,3719773,3712554,3705980,3693585,3683871,3662884,3640801,3618807,3605791,3596590,3592401,3591630,3600042,3601434
PT15,385298,393142,400937,408029,413611,418530,423539,428798,434556,440088,445824,451304,452321,451078,449952,449965,451679,453300,456113,459597,465610,469892
PT16,2328686,2344671,2351652,2355304,2354349,2352891,2350150,2348308,2345981,2341807,2337787,2331642,2329587,2310828,2290675,2272517,2259588,2246203,2235005,2226188,2229958,2239686
PT17,2624511,2651729,2678695,2702293,2719233,2732440,2745623,2759501,2775675,2792105,2808205,2822761,2823329,2820092,2815667,2820766,2829408,2836906,2849085,2859422,2884800,2884695
PT18,774835,775954,776496,776131,774276,773134,770869,769333,767535,764652,762068,758707,755353,747933,739913,732178,725914,719058,713125,708434,707159,709074
PT20,240759,241387,242544,243303,243916,244491,245118,245671,246373,246670,246900,246757,247095,246424,245336,243271,241653,240108,238964,237828,237113,237616
PT30,242823,244150,248012,251238,253925,256316,258628,261079,263446,265138,266715,267965,267394,264650,261748,257617,254521,252313,251077,250397,250713,251900
RO11,2849982,2844430,2762565,2750406,2743281,2742676,2729181,2729256,2724176,2721468,2719719,2717532,2598877,2594823,2590220,2585543,2576567,2568282,2560504,2552112,2547429,2537017
RO12,2644115,2642475,2551234,2548331,2543512,2533421,2534378,2524176,2524628,2526062,2524418,2522692,2360578,2359405,2355312,2350147,2341964,2332785,2325371,2318272,2314826,2302833
RO21,3820101,3831216,3743950,3746330,3742868,3735512,3734946,3727910,3722553,3717621,3712396,3703283,3294204,3278798,3273367,3269598,3256734,3239540,3222732,3198564,3184215,3163465
RO22,2936219,2934890,2872007,2863406,2855044,2849959,2843624,2834335,2825756,2818346,2811218,2802532,2538949,2523354,2509094,2492352,2469868,2447270,2423059,2396171,2377101,2351636
RO31,3471322,3467375,3383573,3368615,3350248,3338195,3321392,3304840,3292036,3279786,3267270,3253712,3128799,3108150,3085095,3061286,3031555,3003394,2965415,2929832,2901376,2868994
RO32,2285544,2272972,2213782,2208150,2208254,2209768,2215701,2232162,2242002,2253093,2261698,2267419,2279145,2282244,2282968,2284200,2288203,2287208,2302291,2315173,2322002,2327057
RO41,2403632,2399333,2348337,2336018,2325020,2313903,2301833,2285733,2270776,2257752,2246033,2232814,2067357,2048702,2033360,2015766,1993482,1972979,1949813,1926860,1910409,1892078
RO42,2044570,2037766,1958035,1951518,1943025,1935094,1929158,1926707,1926700,1924488,1919434,1913831,1828087,1824598,1817895,1811755,1802212,1792491,1784296,1777474,1771480,1758582
SI03,1093246,1093421,1093596,1093771,1093946,1094121,1094296,1094472,1089757,1095836,1099674,1098506,1099196,1097198,1094709,1093545,1092193,1091159,1089717,1094435,1100012,1105046
SI04,889403,894665,899927,905188,910450,915712,920974,926236,920512,936526,947302,951683,956300,961623,966376,969329,971995,974736,977163,986473,995849,1003931
SK01,616982,598781,599042,596720,594113,592759,592301,592062,592824,594966,597999,599931,606537,612682,618380,625167,633288,641892,650838,659598,669592,677024
SK02,1876416,1871019,1868147,1862505,1858211,1855358,1851658,1847853,1846283,1845563,1842763,1838786,1839259,1838136,1836664,1834832,1832159,1830751,1828428,1826145,1823792,1819399
SK03,1355514,1354679,1353777,1353025,1352279,1352313,1351651,1350943,1350263,1349903,1350286,1349286,1349729,1348611,1347233,1345808,1343458,1342287,1340811,1339242,1336785,1334238
SK04,1549745,1554304,1557985,1562623,1567272,1572255,1577318,1582322,1586694,1591969,1599362,1604443,1608797,1611407,1613672,1615542,1617347,1620413,1623043,1625436,1627704,1629120
FI19,1317215,1317441,1319440,1321583,1325241,1330371,1334293,1338973,1344565,1349600,1355168,1360041,1365259,1370384,1374403,1377281,1379116,1380593,1380365,1379749,1378652,1378851
FI1B,1379712,1394199,1408525,1419938,1429869,1439400,1452083,1467453,1483719,1501511,1517542,1532309,1549058,1566835,1585473,1603388,1620261,1638293,1655624,1671024,1689725,1702678
FI1C,1133237,1133561,1135326,1136893,1138646,1140563,1142922,1145658,1148208,1151466,1153839,1156791,1159039,1160732,1161882,1161706,1160491,1159174,1157001,1152719,1148794,1147484
FI1D,1315432,1310138,1305602,1301624,1299629,1299747,1299516,1297948,1296839,1296281,1297144,1298128,1299557,1300222,1300846,1300462,1298457,1296023,1290651,1284638,1278237,1274651
FI20,25706,25776,26008,26257,26347,26530,26766,26923,27153,27456,27734,28007,28354,28501,28666,28916,28983,29214,29489,29789,29884,30129
SE11,1803377,1823210,1838882,1850467,1860872,1872900,1889945,1918104,1949516,1981263,2019182,2054343,2091473,2127006,2163042,2198044,2231439,2269060,2308143,2344124,2377081,2391990
SE12,1490348,1492078,1497304,1503423,1509841,1514549,1518077,1524509,1534529,1545587,1558292,1569248,1578097,1589821,1605347,1621566,1638825,1664145,1687810,1708813,1727398,1737737
SE21,798344,797172,796515,796957,798528,799739,800054,802247,805353,807871,810066,811611,812948,815792,819426,826243,834276,847667,856887,864630,870200,873407
SE22,1274411,1279816,1286588,1294965,1302586,1311254,1320160,1335936,1351257,1367017,1383653,1396556,1405912,1415403,1426826,1443065,1459880,1483018,1504060,1521848,1537433,1548392
SE23,1762246,1769645,1777510,1786781,1796314,1805683,1814323,1827143,1838691,1851702,1866283,1879781,1892328,1904563,1921924,1942677,1963466,1992116,2015607,2039166,2059729,2071191
SE31,837892,832524,829114,827067,826949,826188,825037,824853,825000,825149,825931,826820,825431,826272,829134,833585,838747,848451,852201,855220,857762,858063
SE32,380004,376469,373664,372266,371750,371619,370764,370998,370386,370269,369708,369316,368454,368182,368617,369826,371273,374245,375774,375733,376157,375709
SE33,514804,511878,509551,508862,508830,509460,509392,509467,508195,507489,507567,507895,508212,508854,510548,512349,513111,516451,519760,520651,521829,522806
